metric,value
accuracy,0.7680877571485004
balanced_accuracy,0.6530075429565962
precision,0.37977620087336245
recall,0.4741056218057922
f1,0.42173056523715713
cohen_kappa,0.2788979131005471
