metric,value
accuracy,0.40195953102742976
balanced_accuracy,0.5590880035859981
precision,0.2052476630493177
recall,0.8050301743029568
f1,0.3270992510197023
cohen_kappa,0.055243808248840676
